matched_virus,original_assay,assay_clean,host_species,host_genus,country,n_assayed,n_positive,Author,Title,Publication Title,DOI,Publication Year
Mammarenavirus lassaense,antibody,Serology,Lophuromys sikapusi,Lophuromys,Sierra Leone,66,2,"Bangura, Umaru; Buanie, Jacob; Lamin, Joyce; Davis, Christopher; Bongo, Gédéon Ngiala; Dawson, Michael; Ansumana, Rashid; Sondufu, Dianah; Thomson, Emma C.; Sahr, Foday; Fichet-Calvet, Elisabeth","Lassa Virus Circulation in Small Mammal Populations in Bo District, Sierra Leone.",Biology,10.3390/biology10010028,2021
Mammarenavirus lassaense,antibody,Serology,Malacomys edwardsi,Malacomys,Sierra Leone,3,1,"Bangura, Umaru; Buanie, Jacob; Lamin, Joyce; Davis, Christopher; Bongo, Gédéon Ngiala; Dawson, Michael; Ansumana, Rashid; Sondufu, Dianah; Thomson, Emma C.; Sahr, Foday; Fichet-Calvet, Elisabeth","Lassa Virus Circulation in Small Mammal Populations in Bo District, Sierra Leone.",Biology,10.3390/biology10010028,2021
Mammarenavirus lassaense,antibody,Serology,Mastomys erythroleucus,Mastomys,Sierra Leone,3,2,"Bangura, Umaru; Buanie, Jacob; Lamin, Joyce; Davis, Christopher; Bongo, Gédéon Ngiala; Dawson, Michael; Ansumana, Rashid; Sondufu, Dianah; Thomson, Emma C.; Sahr, Foday; Fichet-Calvet, Elisabeth","Lassa Virus Circulation in Small Mammal Populations in Bo District, Sierra Leone.",Biology,10.3390/biology10010028,2021
Mammarenavirus lassaense,antibody,Serology,Mastomys natalensis,Mastomys,Sierra Leone,357,29,"Bangura, Umaru; Buanie, Jacob; Lamin, Joyce; Davis, Christopher; Bongo, Gédéon Ngiala; Dawson, Michael; Ansumana, Rashid; Sondufu, Dianah; Thomson, Emma C.; Sahr, Foday; Fichet-Calvet, Elisabeth","Lassa Virus Circulation in Small Mammal Populations in Bo District, Sierra Leone.",Biology,10.3390/biology10010028,2021
Mammarenavirus lassaense,antibody,Serology,Praomys rostratus,Praomys,Sierra Leone,162,5,"Bangura, Umaru; Buanie, Jacob; Lamin, Joyce; Davis, Christopher; Bongo, Gédéon Ngiala; Dawson, Michael; Ansumana, Rashid; Sondufu, Dianah; Thomson, Emma C.; Sahr, Foday; Fichet-Calvet, Elisabeth","Lassa Virus Circulation in Small Mammal Populations in Bo District, Sierra Leone.",Biology,10.3390/biology10010028,2021
Mammarenavirus lassaense,antibody,Serology,Rattus rattus,Rattus,Sierra Leone,87,2,"Bangura, Umaru; Buanie, Jacob; Lamin, Joyce; Davis, Christopher; Bongo, Gédéon Ngiala; Dawson, Michael; Ansumana, Rashid; Sondufu, Dianah; Thomson, Emma C.; Sahr, Foday; Fichet-Calvet, Elisabeth","Lassa Virus Circulation in Small Mammal Populations in Bo District, Sierra Leone.",Biology,10.3390/biology10010028,2021
Mammarenavirus lassaense,pcr,PCR,Mastomys natalensis,Mastomys,Sierra Leone,151,4,"Bangura, Umaru; Buanie, Jacob; Lamin, Joyce; Davis, Christopher; Bongo, Gédéon Ngiala; Dawson, Michael; Ansumana, Rashid; Sondufu, Dianah; Thomson, Emma C.; Sahr, Foday; Fichet-Calvet, Elisabeth","Lassa Virus Circulation in Small Mammal Populations in Bo District, Sierra Leone.",Biology,10.3390/biology10010028,2021
Mammarenavirus lassaense,ELISA,Serology,Hylomyscus pamfi,Hylomyscus,Nigeria,2,1,"Olayemi, Ayodeji; Oyeyiola, Akinlabi; Obadare, Adeoba; Igbokwe, Joseph; Adesina, Adetunji Samuel; Onwe, Francis; Ukwaja, Kingsley Nnanna; Ajayi, Nnennaya Anthony; Rieger, Toni; Günther, Stephan; Fichet-Calvet, Elisabeth","Widespread arenavirus occurrence and seroprevalence in small mammals, Nigeria.",Parasites & vectors,10.1186/s13071-018-2991-5,2018
Mammarenavirus lassaense,ELISA,Serology,Lophuromys sikapusi,Lophuromys,Nigeria,2,1,"Olayemi, Ayodeji; Oyeyiola, Akinlabi; Obadare, Adeoba; Igbokwe, Joseph; Adesina, Adetunji Samuel; Onwe, Francis; Ukwaja, Kingsley Nnanna; Ajayi, Nnennaya Anthony; Rieger, Toni; Günther, Stephan; Fichet-Calvet, Elisabeth","Widespread arenavirus occurrence and seroprevalence in small mammals, Nigeria.",Parasites & vectors,10.1186/s13071-018-2991-5,2018
Mammarenavirus lassaense,ELISA,Serology,Mastomys erythroleucus,Mastomys,Nigeria,83,14,"Olayemi, Ayodeji; Oyeyiola, Akinlabi; Obadare, Adeoba; Igbokwe, Joseph; Adesina, Adetunji Samuel; Onwe, Francis; Ukwaja, Kingsley Nnanna; Ajayi, Nnennaya Anthony; Rieger, Toni; Günther, Stephan; Fichet-Calvet, Elisabeth","Widespread arenavirus occurrence and seroprevalence in small mammals, Nigeria.",Parasites & vectors,10.1186/s13071-018-2991-5,2018
Mammarenavirus lassaense,ELISA,Serology,Mastomys natalensis,Mastomys,Nigeria,219,40,"Olayemi, Ayodeji; Oyeyiola, Akinlabi; Obadare, Adeoba; Igbokwe, Joseph; Adesina, Adetunji Samuel; Onwe, Francis; Ukwaja, Kingsley Nnanna; Ajayi, Nnennaya Anthony; Rieger, Toni; Günther, Stephan; Fichet-Calvet, Elisabeth","Widespread arenavirus occurrence and seroprevalence in small mammals, Nigeria.",Parasites & vectors,10.1186/s13071-018-2991-5,2018
Mammarenavirus lassaense,ELISA,Serology,Mus baoulei,Mus,Nigeria,9,5,"Olayemi, Ayodeji; Oyeyiola, Akinlabi; Obadare, Adeoba; Igbokwe, Joseph; Adesina, Adetunji Samuel; Onwe, Francis; Ukwaja, Kingsley Nnanna; Ajayi, Nnennaya Anthony; Rieger, Toni; Günther, Stephan; Fichet-Calvet, Elisabeth","Widespread arenavirus occurrence and seroprevalence in small mammals, Nigeria.",Parasites & vectors,10.1186/s13071-018-2991-5,2018
Mammarenavirus lassaense,ELISA,Serology,Mus minutoides,Mus,Nigeria,3,1,"Olayemi, Ayodeji; Oyeyiola, Akinlabi; Obadare, Adeoba; Igbokwe, Joseph; Adesina, Adetunji Samuel; Onwe, Francis; Ukwaja, Kingsley Nnanna; Ajayi, Nnennaya Anthony; Rieger, Toni; Günther, Stephan; Fichet-Calvet, Elisabeth","Widespread arenavirus occurrence and seroprevalence in small mammals, Nigeria.",Parasites & vectors,10.1186/s13071-018-2991-5,2018
Mammarenavirus lassaense,ELISA,Serology,Praomys daltoni,Praomys,Nigeria,173,6,"Olayemi, Ayodeji; Oyeyiola, Akinlabi; Obadare, Adeoba; Igbokwe, Joseph; Adesina, Adetunji Samuel; Onwe, Francis; Ukwaja, Kingsley Nnanna; Ajayi, Nnennaya Anthony; Rieger, Toni; Günther, Stephan; Fichet-Calvet, Elisabeth","Widespread arenavirus occurrence and seroprevalence in small mammals, Nigeria.",Parasites & vectors,10.1186/s13071-018-2991-5,2018
Mammarenavirus lassaense,ELISA,Serology,Praomys misonnei,Praomys,Nigeria,1,1,"Olayemi, Ayodeji; Oyeyiola, Akinlabi; Obadare, Adeoba; Igbokwe, Joseph; Adesina, Adetunji Samuel; Onwe, Francis; Ukwaja, Kingsley Nnanna; Ajayi, Nnennaya Anthony; Rieger, Toni; Günther, Stephan; Fichet-Calvet, Elisabeth","Widespread arenavirus occurrence and seroprevalence in small mammals, Nigeria.",Parasites & vectors,10.1186/s13071-018-2991-5,2018
Mammarenavirus lassaense,ELISA,Serology,Rattus rattus,Rattus,Nigeria,6,2,"Olayemi, Ayodeji; Oyeyiola, Akinlabi; Obadare, Adeoba; Igbokwe, Joseph; Adesina, Adetunji Samuel; Onwe, Francis; Ukwaja, Kingsley Nnanna; Ajayi, Nnennaya Anthony; Rieger, Toni; Günther, Stephan; Fichet-Calvet, Elisabeth","Widespread arenavirus occurrence and seroprevalence in small mammals, Nigeria.",Parasites & vectors,10.1186/s13071-018-2991-5,2018
Mammarenavirus lassaense,ELISA,Serology,NA,Crocidura,Nigeria,69,2,"Olayemi, Ayodeji; Oyeyiola, Akinlabi; Obadare, Adeoba; Igbokwe, Joseph; Adesina, Adetunji Samuel; Onwe, Francis; Ukwaja, Kingsley Nnanna; Ajayi, Nnennaya Anthony; Rieger, Toni; Günther, Stephan; Fichet-Calvet, Elisabeth","Widespread arenavirus occurrence and seroprevalence in small mammals, Nigeria.",Parasites & vectors,10.1186/s13071-018-2991-5,2018
Mammarenavirus lassaense,PCR,PCR,Hylomyscus pamfi,Hylomyscus,Nigeria,2,1,"Olayemi, Ayodeji; Oyeyiola, Akinlabi; Obadare, Adeoba; Igbokwe, Joseph; Adesina, Adetunji Samuel; Onwe, Francis; Ukwaja, Kingsley Nnanna; Ajayi, Nnennaya Anthony; Rieger, Toni; Günther, Stephan; Fichet-Calvet, Elisabeth","Widespread arenavirus occurrence and seroprevalence in small mammals, Nigeria.",Parasites & vectors,10.1186/s13071-018-2991-5,2018
Mammarenavirus lassaense,PCR,PCR,Mastomys erythroleucus,Mastomys,Nigeria,63,3,"Olayemi, Ayodeji; Oyeyiola, Akinlabi; Obadare, Adeoba; Igbokwe, Joseph; Adesina, Adetunji Samuel; Onwe, Francis; Ukwaja, Kingsley Nnanna; Ajayi, Nnennaya Anthony; Rieger, Toni; Günther, Stephan; Fichet-Calvet, Elisabeth","Widespread arenavirus occurrence and seroprevalence in small mammals, Nigeria.",Parasites & vectors,10.1186/s13071-018-2991-5,2018
Mammarenavirus lassaense,PCR,PCR,Mastomys natalensis,Mastomys,Nigeria,65,15,"Olayemi, Ayodeji; Oyeyiola, Akinlabi; Obadare, Adeoba; Igbokwe, Joseph; Adesina, Adetunji Samuel; Onwe, Francis; Ukwaja, Kingsley Nnanna; Ajayi, Nnennaya Anthony; Rieger, Toni; Günther, Stephan; Fichet-Calvet, Elisabeth","Widespread arenavirus occurrence and seroprevalence in small mammals, Nigeria.",Parasites & vectors,10.1186/s13071-018-2991-5,2018
Mammarenavirus lassaense,NA,PCR,Mastomys natalensis,Mastomys,Guinea,690,107,"Mariën, Joachim; Lo Iacono, Giovanni; Rieger, Toni; Magassouba, Nfaly; Günther, Stephan; Fichet-Calvet, Elisabeth",Households as hotspots of Lassa fever? Assessing the spatial distribution of Lassa virus-infected rodents in rural villages of Guinea.,Emerging microbes & infections,10.1080/22221751.2020.1766381,2020
Mammarenavirus lassaense,NA,Serology,Mastomys natalensis,Mastomys,Guinea,859,252,"Mariën, Joachim; Lo Iacono, Giovanni; Rieger, Toni; Magassouba, Nfaly; Günther, Stephan; Fichet-Calvet, Elisabeth",Households as hotspots of Lassa fever? Assessing the spatial distribution of Lassa virus-infected rodents in rural villages of Guinea.,Emerging microbes & infections,10.1080/22221751.2020.1766381,2020
Mammarenavirus lassaense,NA,PCR,Mastomys natalensis,Mastomys,Nigeria,16,16,"Olayemi, Ayodeji; Obadare, Adeoba; Oyeyiola, Akinlabi; Igbokwe, Joseph; Fasogbon, Ayobami; Igbahenah, Felix; Ortsega, Daniel; Asogun, Danny; Umeh, Prince; Vakkai, Innocent; Abejegah, Chukwuyem; Pahlman, Meike; Becker-Ziaja, Beate; Günther, Stephan; Fichet-Calvet, Elisabeth","Arenavirus Diversity and Phylogeography of Mastomys natalensis Rodents, Nigeria.",Emerging infectious diseases,10.3201/eid2204.150155,2016
Mammarenavirus lassaense,NA,Serology,Arvicanthis niloticus,Arvicanthis,Senegal,419,3,"Saluzzo, J. F.; Adam, F.; McCormick, J. B.; Digoutte, J. P.",Lassa fever virus in Senegal.,The Journal of infectious diseases,10.1093/infdis/157.3.605,1988
Mammarenavirus lassaense,NA,Serology,Gerbilliscus kempii,Gerbilliscus,Senegal,81,1,"Saluzzo, J. F.; Adam, F.; McCormick, J. B.; Digoutte, J. P.",Lassa fever virus in Senegal.,The Journal of infectious diseases,10.1093/infdis/157.3.605,1988
Mammarenavirus lassaense,NA,Serology,Mus musculus,Mus,Senegal,71,1,"Saluzzo, J. F.; Adam, F.; McCormick, J. B.; Digoutte, J. P.",Lassa fever virus in Senegal.,The Journal of infectious diseases,10.1093/infdis/157.3.605,1988
Mammarenavirus lassaense,NA,Serology,NA,Mastomys,Senegal,655,14,"Saluzzo, J. F.; Adam, F.; McCormick, J. B.; Digoutte, J. P.",Lassa fever virus in Senegal.,The Journal of infectious diseases,10.1093/infdis/157.3.605,1988
Mammarenavirus lassaense,NA,PCR,Mastomys natalensis,Mastomys,Mali,117,19,"Safronetz, David; Sogoba, Nafomon; Lopez, Job E.; Maiga, Ousmane; Dahlstrom, Eric; Zivcec, Marko; Feldmann, Friederike; Haddock, Elaine; Fischer, Robert J.; Anderson, Jennifer M.; Munster, Vincent J.; Branco, Luis; Garry, Robert; Porcella, Stephen F.; Schwan, Tom G.; Feldmann, Heinz",Geographic distribution and genetic characterization of Lassa virus in sub-Saharan Mali.,PLoS neglected tropical diseases,10.1371/journal.pntd.0002582,2013
Mammarenavirus lassaense,NA,Serology,Arvicanthis niloticus,Arvicanthis,Mali,1,1,"Safronetz, David; Sogoba, Nafomon; Lopez, Job E.; Maiga, Ousmane; Dahlstrom, Eric; Zivcec, Marko; Feldmann, Friederike; Haddock, Elaine; Fischer, Robert J.; Anderson, Jennifer M.; Munster, Vincent J.; Branco, Luis; Garry, Robert; Porcella, Stephen F.; Schwan, Tom G.; Feldmann, Heinz",Geographic distribution and genetic characterization of Lassa virus in sub-Saharan Mali.,PLoS neglected tropical diseases,10.1371/journal.pntd.0002582,2013
Mammarenavirus lassaense,NA,Serology,Mastomys natalensis,Mastomys,Mali,150,35,"Safronetz, David; Sogoba, Nafomon; Lopez, Job E.; Maiga, Ousmane; Dahlstrom, Eric; Zivcec, Marko; Feldmann, Friederike; Haddock, Elaine; Fischer, Robert J.; Anderson, Jennifer M.; Munster, Vincent J.; Branco, Luis; Garry, Robert; Porcella, Stephen F.; Schwan, Tom G.; Feldmann, Heinz",Geographic distribution and genetic characterization of Lassa virus in sub-Saharan Mali.,PLoS neglected tropical diseases,10.1371/journal.pntd.0002582,2013
Mammarenavirus lassaense,NA,Serology,Lophuromys sikapusi,Lophuromys,Ivory Coast,17,2,"Coulibaly-N'Golo, David; Allali, Bernard; Kouassi, Stéphane K.; Fichet-Calvet, Elisabeth; Becker-Ziaja, Beate; Rieger, Toni; Olschläger, Stephan; Dosso, Hernri; Denys, Christiane; Ter Meulen, Jan; Akoua-Koffi, Chantal; Günther, Stephan",Novel arenavirus sequences in Hylomyscus sp. and Mus (Nannomys) setulosus from Côte d'Ivoire: implications for evolution of arenaviruses in Africa.,PloS one,10.1371/journal.pone.0020893,2011
Mammarenavirus lassaense,NA,Serology,Mastomys natalensis,Mastomys,Ivory Coast,453,5,"Coulibaly-N'Golo, David; Allali, Bernard; Kouassi, Stéphane K.; Fichet-Calvet, Elisabeth; Becker-Ziaja, Beate; Rieger, Toni; Olschläger, Stephan; Dosso, Hernri; Denys, Christiane; Ter Meulen, Jan; Akoua-Koffi, Chantal; Günther, Stephan",Novel arenavirus sequences in Hylomyscus sp. and Mus (Nannomys) setulosus from Côte d'Ivoire: implications for evolution of arenaviruses in Africa.,PloS one,10.1371/journal.pone.0020893,2011
Mammarenavirus lassaense,NA,Serology,Mus minutoides,Mus,Ivory Coast,16,4,"Coulibaly-N'Golo, David; Allali, Bernard; Kouassi, Stéphane K.; Fichet-Calvet, Elisabeth; Becker-Ziaja, Beate; Rieger, Toni; Olschläger, Stephan; Dosso, Hernri; Denys, Christiane; Ter Meulen, Jan; Akoua-Koffi, Chantal; Günther, Stephan",Novel arenavirus sequences in Hylomyscus sp. and Mus (Nannomys) setulosus from Côte d'Ivoire: implications for evolution of arenaviruses in Africa.,PloS one,10.1371/journal.pone.0020893,2011
Mammarenavirus lassaense,NA,Serology,Mus setulosus,Mus,Ivory Coast,25,7,"Coulibaly-N'Golo, David; Allali, Bernard; Kouassi, Stéphane K.; Fichet-Calvet, Elisabeth; Becker-Ziaja, Beate; Rieger, Toni; Olschläger, Stephan; Dosso, Hernri; Denys, Christiane; Ter Meulen, Jan; Akoua-Koffi, Chantal; Günther, Stephan",Novel arenavirus sequences in Hylomyscus sp. and Mus (Nannomys) setulosus from Côte d'Ivoire: implications for evolution of arenaviruses in Africa.,PloS one,10.1371/journal.pone.0020893,2011
Mammarenavirus lassaense,NA,Serology,NA,Crocidura,Ivory Coast,15,1,"Coulibaly-N'Golo, David; Allali, Bernard; Kouassi, Stéphane K.; Fichet-Calvet, Elisabeth; Becker-Ziaja, Beate; Rieger, Toni; Olschläger, Stephan; Dosso, Hernri; Denys, Christiane; Ter Meulen, Jan; Akoua-Koffi, Chantal; Günther, Stephan",Novel arenavirus sequences in Hylomyscus sp. and Mus (Nannomys) setulosus from Côte d'Ivoire: implications for evolution of arenaviruses in Africa.,PloS one,10.1371/journal.pone.0020893,2011
Mammarenavirus lassaense,NA,PCR,Mastomys erythroleucus,Mastomys,Nigeria,73,12,"Oyeyiola, Akinlabi and Adesina, Adetunji Samuel and Obadare, Adeoba and Igbokwe, Joseph and Fasogbon, Samuel Ayobami and Abejegah, Chukwuyem and Akhilomen, Patience and Asogun, Danny and Tobin, Ekaete and Ayodeji, Olufemi and others",Impact of seasonal change on virus-rodent dynamics in Nigeria’s Edo-Ondo hotspot for Lassa fever,Current Research in Parasitology & Vector-Borne Diseases,https://doi.org/10.1016/j.crpvbd.2025.100271,2025
Mammarenavirus lassaense,NA,PCR,Mastomys natalensis,Mastomys,Nigeria,315,90,"Oyeyiola, Akinlabi and Adesina, Adetunji Samuel and Obadare, Adeoba and Igbokwe, Joseph and Fasogbon, Samuel Ayobami and Abejegah, Chukwuyem and Akhilomen, Patience and Asogun, Danny and Tobin, Ekaete and Ayodeji, Olufemi and others",Impact of seasonal change on virus-rodent dynamics in Nigeria’s Edo-Ondo hotspot for Lassa fever,Current Research in Parasitology & Vector-Borne Diseases,https://doi.org/10.1016/j.crpvbd.2025.100271,2025
Mammarenavirus lassaense,NA,Serology,Heliosciurus rufobrachium,Heliosciurus,Nigeria,0,1,"Oyeyiola, Akinlabi and Adesina, Adetunji Samuel and Obadare, Adeoba and Igbokwe, Joseph and Fasogbon, Samuel Ayobami and Abejegah, Chukwuyem and Akhilomen, Patience and Asogun, Danny and Tobin, Ekaete and Ayodeji, Olufemi and others",Impact of seasonal change on virus-rodent dynamics in Nigeria’s Edo-Ondo hotspot for Lassa fever,Current Research in Parasitology & Vector-Borne Diseases,https://doi.org/10.1016/j.crpvbd.2025.100271,2025
Mammarenavirus lassaense,NA,Serology,Mastomys erythroleucus,Mastomys,Nigeria,68,21,"Oyeyiola, Akinlabi and Adesina, Adetunji Samuel and Obadare, Adeoba and Igbokwe, Joseph and Fasogbon, Samuel Ayobami and Abejegah, Chukwuyem and Akhilomen, Patience and Asogun, Danny and Tobin, Ekaete and Ayodeji, Olufemi and others",Impact of seasonal change on virus-rodent dynamics in Nigeria’s Edo-Ondo hotspot for Lassa fever,Current Research in Parasitology & Vector-Borne Diseases,https://doi.org/10.1016/j.crpvbd.2025.100271,2025
Mammarenavirus lassaense,NA,Serology,Mastomys natalensis,Mastomys,Nigeria,315,78,"Oyeyiola, Akinlabi and Adesina, Adetunji Samuel and Obadare, Adeoba and Igbokwe, Joseph and Fasogbon, Samuel Ayobami and Abejegah, Chukwuyem and Akhilomen, Patience and Asogun, Danny and Tobin, Ekaete and Ayodeji, Olufemi and others",Impact of seasonal change on virus-rodent dynamics in Nigeria’s Edo-Ondo hotspot for Lassa fever,Current Research in Parasitology & Vector-Borne Diseases,https://doi.org/10.1016/j.crpvbd.2025.100271,2025
Mammarenavirus lassaense,NA,Serology,Praomys daltoni,Praomys,Nigeria,435,35,"Oyeyiola, Akinlabi and Adesina, Adetunji Samuel and Obadare, Adeoba and Igbokwe, Joseph and Fasogbon, Samuel Ayobami and Abejegah, Chukwuyem and Akhilomen, Patience and Asogun, Danny and Tobin, Ekaete and Ayodeji, Olufemi and others",Impact of seasonal change on virus-rodent dynamics in Nigeria’s Edo-Ondo hotspot for Lassa fever,Current Research in Parasitology & Vector-Borne Diseases,https://doi.org/10.1016/j.crpvbd.2025.100271,2025
Mammarenavirus lassaense,NA,Serology,Rattus rattus,Rattus,Nigeria,17,1,"Oyeyiola, Akinlabi and Adesina, Adetunji Samuel and Obadare, Adeoba and Igbokwe, Joseph and Fasogbon, Samuel Ayobami and Abejegah, Chukwuyem and Akhilomen, Patience and Asogun, Danny and Tobin, Ekaete and Ayodeji, Olufemi and others",Impact of seasonal change on virus-rodent dynamics in Nigeria’s Edo-Ondo hotspot for Lassa fever,Current Research in Parasitology & Vector-Borne Diseases,https://doi.org/10.1016/j.crpvbd.2025.100271,2025
Mammarenavirus lassaense,NA,Serology,NA,Mastomys,Guinea,60,7,"Fair, Joseph; Jentes, Emily; Inapogui, Alphonse; Kourouma, Kerfella; Goba, Agustine; Bah, Alpha; Tounkara, Michel; Coulibaly, Mamadi; Garry, Robert F.; Bausch, Daniel G.",Lassa virus-infected rodents in refugee camps in Guinea: A looming threat to public health in a politically unstable region,VECTOR-BORNE AND ZOONOTIC DISEASES,10.1089/vbz.2006.0581,2007
Mammarenavirus lassaense,NA,PCR,Lophuromys sikapusi,Lophuromys,Guinea,37,7,"Fichet-Calvet, Elisabeth; Lecompte, Emilie; Veyrunes, Frederic; Barriere, Patrick; Nicolass, Violaine; Koulemou, Kekoura","Diversity and dynamics in a community of small mammals in coastal Guinea, West Africa",BELGIAN JOURNAL OF ZOOLOGY,NA,2009
Mammarenavirus lassaense,NA,PCR,Mastomys erythroleucus,Mastomys,Guinea,134,29,"Fichet-Calvet, Elisabeth; Lecompte, Emilie; Veyrunes, Frederic; Barriere, Patrick; Nicolass, Violaine; Koulemou, Kekoura","Diversity and dynamics in a community of small mammals in coastal Guinea, West Africa",BELGIAN JOURNAL OF ZOOLOGY,NA,2009
Mammarenavirus lassaense,NA,PCR,Praomys rostratus,Praomys,Guinea,28,6,"Fichet-Calvet, Elisabeth; Lecompte, Emilie; Veyrunes, Frederic; Barriere, Patrick; Nicolass, Violaine; Koulemou, Kekoura","Diversity and dynamics in a community of small mammals in coastal Guinea, West Africa",BELGIAN JOURNAL OF ZOOLOGY,NA,2009
Mammarenavirus lassaense,NA,PCR,Mastomys natalensis,Mastomys,Guinea,592,80,"Fichet-Calvet, Elisabeth; Lecompte, Emilie; Koivogui, Lamine; Daffis, Sttphane; Ter Meulen, Jan","Reproductive characteristics of Mastomys natalensis and Lassa virus prevalence in Guinea, West Africa",VECTOR-BORNE AND ZOONOTIC DISEASES,10.1089/vbz.2007.0118,2008
Mammarenavirus lassaense,NA,Serology,NA,Mastomys,Guinea,956,96,"Demby, A. H.; Inapogui, A.; Kargbo, K.; Koninga, J.; Kourouma, K.; Kanu, J.; Coulibaly, M.; Wagoner, K. D.; Ksiazek, T. G.; Peters, C. J.; Rollin, P. E.; Bausch, D. G.",Lassa fever in Guinea: II. Distribution and prevalence of Lassa virus infection in small mammals.,"Vector borne and zoonotic diseases (Larchmont, N.Y.)",10.1089/15303660160025912,2001
Mammarenavirus lassaense,NA,PCR,Mastomys erythroleucus,Mastomys,Nigeria,73,11,"Adesina, Adetunji Samuel and Oyeyiola, Akinlabi and Obadare, Adeoba and Igbokwe, Joseph and Abejegah, Chukwuyem and Akhilomen, Patience and Bangura, Umaru and Asogun, Danny and Tobin, Ekaete and Ayodeji, Olufemi and others","Circulation of Lassa virus across the endemic Edo-Ondo axis, Nigeria, with cross-species transmission between multimammate mice",Vector borne and zoonotic diseases,10.1089/vbz.2006.0614,2023
Mammarenavirus lassaense,NA,PCR,Mastomys natalensis,Mastomys,Nigeria,315,87,"Adesina, Adetunji Samuel and Oyeyiola, Akinlabi and Obadare, Adeoba and Igbokwe, Joseph and Abejegah, Chukwuyem and Akhilomen, Patience and Bangura, Umaru and Asogun, Danny and Tobin, Ekaete and Ayodeji, Olufemi and others","Circulation of Lassa virus across the endemic Edo-Ondo axis, Nigeria, with cross-species transmission between multimammate mice",Vector borne and zoonotic diseases,10.1089/vbz.2006.0614,2023
Mammarenavirus lassaense,NA,PCR,Mastomys natalensis,Mastomys,Guinea,601,80,"Fichet-Calvet E, Lecompte E, Koivogui L, Soropogui B, Doré A, Kourouma F, et al.","Fluctuation of abundance and Lassa virus prevalence in Mastomys natalensis in Guinea, West Africa.",PNAS,10.1073/pnas.1807106115,2007
Mammarenavirus lassaense,NA,Serology,Lemniscomys striatus,Lemniscomys,Guinea,25,4,"Fichet-Calvet E, Becker-Ziaja B, Koivogui L, Günther S.",Lassa serology in natural populations of rodents and horizontal transmission.,NA,https://zenodo.org/records/8177974,2014
Mammarenavirus lassaense,NA,Serology,Mastomys erythroleucus,Mastomys,Guinea,215,7,"Fichet-Calvet E, Becker-Ziaja B, Koivogui L, Günther S.",Lassa serology in natural populations of rodents and horizontal transmission.,NA,https://zenodo.org/records/8177974,2014
Mammarenavirus lassaense,NA,Serology,Mastomys natalensis,Mastomys,Guinea,429,109,"Fichet-Calvet E, Becker-Ziaja B, Koivogui L, Günther S.",Lassa serology in natural populations of rodents and horizontal transmission.,NA,https://zenodo.org/records/8177974,2014
Mammarenavirus lassaense,NA,Serology,Mus minutoides,Mus,Guinea,22,3,"Fichet-Calvet E, Becker-Ziaja B, Koivogui L, Günther S.",Lassa serology in natural populations of rodents and horizontal transmission.,NA,https://zenodo.org/records/8177974,2014
Mammarenavirus lassaense,NA,Serology,Praomys daltoni,Praomys,Guinea,67,4,"Fichet-Calvet E, Becker-Ziaja B, Koivogui L, Günther S.",Lassa serology in natural populations of rodents and horizontal transmission.,NA,https://zenodo.org/records/8177974,2014
Mammarenavirus lassaense,NA,Serology,Praomys rostratus,Praomys,Guinea,32,2,"Fichet-Calvet E, Becker-Ziaja B, Koivogui L, Günther S.",Lassa serology in natural populations of rodents and horizontal transmission.,NA,https://zenodo.org/records/8177974,2014
Mammarenavirus lassaense,NA,PCR,Mastomys natalensis,Mastomys,Guinea,132,132,"Fichet-Calvet E, Ölschläger S, Strecker T, Koivogui L, Becker-Ziaja B, Camara AB, et al.",Spatial and temporal evolution of Lassa virus in the natural host population in Upper Guinea,NA,NA,2016
Mammarenavirus lassaense,NA,PCR,Hylomyscus pamfi,Hylomyscus,Nigeria,12,5,"Olayemi, Ayodeji; Cadar, Daniel; Magassouba, N'Faly; Obadare, Adeoba; Kourouma, Fode; Oyeyiola, Akinlabi; Fasogbon, Samuel; Igbokwe, Joseph; Rieger, Toni; Bockholt, Sabrina; Jerome, Hanna; Schmidt-Chanasit, Jonas; Garigliany, Mutien; Lorenzen, Stephan; Igbahenah, Felix; Fichet, Jean-Nicolas; Ortsega, Daniel; Omilabu, Sunday; Guenther, Stephan; Fichet-Calvet, Elisabeth",New Hosts of The Lassa Virus,SCIENTIFIC REPORTS,10.1038/srep25280,2016
Mammarenavirus lassaense,NA,PCR,Mastomys erythroleucus,Mastomys,Guinea,16,6,"Olayemi, Ayodeji; Cadar, Daniel; Magassouba, N'Faly; Obadare, Adeoba; Kourouma, Fode; Oyeyiola, Akinlabi; Fasogbon, Samuel; Igbokwe, Joseph; Rieger, Toni; Bockholt, Sabrina; Jerome, Hanna; Schmidt-Chanasit, Jonas; Garigliany, Mutien; Lorenzen, Stephan; Igbahenah, Felix; Fichet, Jean-Nicolas; Ortsega, Daniel; Omilabu, Sunday; Guenther, Stephan; Fichet-Calvet, Elisabeth",New Hosts of The Lassa Virus,SCIENTIFIC REPORTS,10.1038/srep25280,2016
Mammarenavirus lassaense,NA,PCR,Mastomys erythroleucus,Mastomys,Nigeria,49,3,"Olayemi, Ayodeji; Cadar, Daniel; Magassouba, N'Faly; Obadare, Adeoba; Kourouma, Fode; Oyeyiola, Akinlabi; Fasogbon, Samuel; Igbokwe, Joseph; Rieger, Toni; Bockholt, Sabrina; Jerome, Hanna; Schmidt-Chanasit, Jonas; Garigliany, Mutien; Lorenzen, Stephan; Igbahenah, Felix; Fichet, Jean-Nicolas; Ortsega, Daniel; Omilabu, Sunday; Guenther, Stephan; Fichet-Calvet, Elisabeth",New Hosts of The Lassa Virus,SCIENTIFIC REPORTS,10.1038/srep25280,2016
